{
  "$schema": "https://json-schema.org/draft/2020-12/schema",
  "$id": "https://taipy.io/config.schema.json",
  "title": "Taipy Config",
  "description": "Taipy Config",
  "type": "object",
  "properties": {
    "CORE": {
      "description": "Core service",
      "type": "object",
      "properties": {
        "core_version": {
          "description": "Version of Taipy Core",
          "type": "string"
        },
        "root_folder": {
          "description": "Path of the base folder for the taipy application. The default value is ./taipy/",
          "type": "string"
        },
        "storage_folder": {
          "description": "Folder name used to store Taipy data. The default value is .data/. It is used in conjunction with the root_folder field",
          "type": "string"
        },
        "read_entity_retry": {
          "description": "Number of times to retry before return failure to read an entity.",
          "type": [
            "integer",
            "string"
          ],
          "default": "3:int"
        },
        "repository_type": {
          "description": "The repository type that is used to store the entities.",
          "type": "string",
          "enum": [
            "sql",
            "filesystem"
          ],
          "default": "filesystem"
        },
        "repository_properties": {
          "type": "object"
        },
        "mode": {
          "description": "The Taipy operating mode.",
          "type": "string",
          "enum": [
            "development",
            "experiment",
            "production"
          ],
          "default": "development"
        },
        "version_number": {
          "description": "The identifier of the user application version.",
          "type": "string"
        },
        "force": {
          "description": "If True, force the application run even if there are some conflicts in the configuration.",
          "type": "string",
          "enum": [
            "False:bool",
            "True:bool"
          ],
          "default": "False:bool"
        }
      },
      "required": []
    },
    "DATA_NODE": {
      "description": "Data nodes",
      "type": "object",
      "properties": {},
      "required": [],
      "additionalProperties": {
        "properties": {
          "scope": {
            "description": "An enum value among GLOBAL, CYCLE, SCENARIO that represents the visibility of the data node in the graph of entities.",
            "type": "string",
            "enum": [
              "GLOBAL:SCOPE",
              "CYCLE:SCOPE",
              "SCENARIO:SCOPE",
              ""
            ],
            "default": "SCENARIO:SCOPE"
          },
          "storage_type": {
            "description": "An enum value indicating the type of storage of the data node.",
            "type": "string",
            "enum": [
              "pickle",
              "csv",
              "excel",
              "json",
              "mongo_collection",
              "sql",
              "sql_table",
              "in_memory",
              "generic",
              "parquet",
              "s3_object",
              "",
            ],
            "default": "pickle"
          },
          "validity_period": {
            "description": "A timedelta value as a string: The duration since the last edit date for which the data node can be considered up-to-date. If *validity_period* is set to None, the data node is always up-to-date.",
            "type": "string"
          },
          "default_path": {
            "description": "storage_type: pickle, csv, excel, json, parquet specific.",
            "type": "string"
          },
          "default_data": {
            "description": "storage_type: pickle, in_memory specific.",
            "type": [
              "string",
              "array",
              "object",
              "integer",
              "boolean"
            ]
          },
          "has_header": {
            "description": "storage_type: csv, excel specific. Boolean value as a string.",
            "type": "string"
          },
          "exposed_type": {
            "description": "storage_type: csv, excel, sql, sql_table, parquet specific. If the exposed_type value provided is numpy, the data node will read the csv file to a numpy array. If the provided value is a custom class, data node will create a list of custom object with the given custom class, each object will represent a row in the csv file.If exposed_type is not provided, the data node will read the csv file as a pandas DataFrame.",
            "type": "string"
          },
          "sheet_name": {
            "description": "storage_type: excel specific. If sheet_name is provided with a list of sheet names, the data node will return a dictionary with the key being the sheet name and the value being the data of the corresponding sheet. If a string is provided, the data node will read only the data of the corresponding sheet. The default value of sheet_name is None and the data node will return all sheets in the provided Excel file when reading it.",
            "type": "string"
          },
          "db_username": {
            "description": "storage_type: sql, sql_table, mongo_collection specific.",
            "type": "string"
          },
          "db_password": {
            "description": "storage_type: sql, sql_table, mongo_collection specific.",
            "type": "string"
          },
          "db_name": {
            "description": "storage_type: sql, sql_table, mongo_collection specific.",
            "type": "string"
          },
          "db_engine": {
            "description": "storage_type: sql, sql_table specific. One of sqlite, mssql, mysql, postgresql",
            "type": "string"
          },
          "db_port": {
            "description": "storage_type: sql, sql_table, mongo_collection specific. Default 1443 for SQL and 27017 for mongo",
            "type": "string"
          },
          "db_host": {
            "description": "storage_type: sql, sql_table, mongo_collection specific. Default localhost",
            "type": "string"
          },
          "db_driver": {
            "description": "storage_type: sql, sql_table specific.",
            "type": "string"
          },
          "db_extra_args": {
            "description": "storage_type: sql, sql_table, mongo_collection specific. The default value of db_extra_args is None",
            "type": "array"
          },
          "table_name": {
            "description": "storage_type: sql_table specific.",
            "type": "string"
          },
          "read_query": {
            "description": "storage_type: sql, mongo_collection specific. The query that will be used by Taipy to read the data from the database.",
            "type": "string"
          },
          "write_query_builder": {
            "description": "storage_type: sql specific. A callable function that takes in the data as an input parameter and returns a list of SQL queries to be executed when the write data node method is called.",
            "type": "string",
            "taipy_function": true
          },
          "append_query_builder": {
            "description": "storage_type: sql specific. A callable function that takes in the data as an input parameter and returns a list of SQL queries to be executed when the append data node method is called.",
            "type": "string",
            "taipy_function": true
          },
          "collection_name ": {
            "description": "storage_type: mongo_collection specific.",
            "type": "string"
          },
          "custom_document": {
            "description": "storage_type: mongo_collection specific.",
            "type": "string",
            "taipy_class": true
          },
          "read_fct": {
            "description": "storage_type: generic specific.",
            "type": "string",
            "taipy_function": true
          },
          "write_fct": {
            "description": "storage_type: generic specific.",
            "type": "string",
            "taipy_function": true
          },
          "read_fct_args": {
            "description": "storage_type: generic specific.",
            "type": "array"
          },
          "write_fct_args": {
            "description": "storage_type: generic specific.",
            "type": "array"
          },
          "encoder": {
            "description": "storage_type: json specific.",
            "type": "string",
            "taipy_class": true
          },
          "decoder": {
            "description": "storage_type: json specific.",
            "type": "string",
            "taipy_class": true
          },
          "compression": {
            "description": "storage_type: parquet specific. The name of the compression to use, default is None for no compression",
            "type": "string"
          },
          "engine": {
            "description": "storage_type: parquet specific.The name of the parquet library to use, default is pyarrow",
            "type": "string"
          },
          "read_kwargs": {
            "description": "storage_type: parquet specific. Additional parameters when reading parquet files, default is an empty dictionary",
            "type": "object"
          },
          "write_kwargs": {
            "description": "storage_type: parquet specific.Additional parameters when writing parquet files, default is an empty dictionary",
            "type": "object"
          },
          "aws_access_key":{
            "description": "storage_type: s3_object specific.Amazon Storage public key",
            "type": "string"
          },
          "aws_secret_access_key":{
            "description": "storage_type: s3_object specific.Amazon Storage secret key",
            "type": "string"
          },
          "aws_s3_bucket_name":{
            "description": "storage_type: s3_object specific.Name of Bucket",
            "type": "string"
          },
          "aws_s3_object_key":{
            "description": "storage_type: s3_object specific.File name",
            "type": "string"
          },
          "aws_region":{
            "description": "storage_type: s3_object specific.Bucket Location",
            "type": "string"
          },
          "aws_s3_object_parameters":{
            "description": "storage_type: s3_object specific.Additional parameters when accessing s3 object, default is an empty dictionary",
            "type": "array"
          },
          "if": {
            "properties": {
              "storage_type": {
                "enum": [
                  "csv",
                  "excel",
                  "json"
                ]
              }
            }
          },
          "then": {
            "required": [
              "default_path"
            ]
          },
          "else": {
            "if": {
              "properties": {
                "storage_type": {
                  "const": "generic"
                }
              }
            },
            "then": {
              "required": [
                "read_fct",
                "write_fct"
              ]
            },
            "else": {
              "if": {
                "properties": {
                  "storage_type": {
                    "enum": [
                      "sql",
                      "sql_table",
                      "mongo_collection"
                    ]
                  }
                }
              },
              "then": {
                "required": [
                  "db_name"
                ],
            "else": {
              "if": {
                "properties": {
                  "storage_type": {
                    "enum": [
                      "s3_object",
                    ]
                  }
                }
              },
              "then": {
                "required": [
                  "aws_access_key",
                  "aws_secret_access_key",
                  "aws_s3_bucket_name",
                  "aws_s3_object_key"
                ],
                "if": {
                  "properties": {
                    "storage_type": {
                      "enum": [
                        "sql",
                        "sql_table"
                      ]
                    }
                  }
                },
                "then": {
                  "required": [
                    "db_username",
                    "db_password",
                    "db_engine"
                  ],
                  "if": {
                    "properties": {
                      "storage_type": {
                        "const": "sql"
                      }
                    }
                  },
                  "then": {
                    "required": [
                      "read_query",
                      "write_query_builder"
                    ]
                  },
                  "else": {
                    "required": [
                      "table_name"
                    ]
                  }
                },
                "else": {
                  "required": [
                    "collection_name"
                  ]
                }
              }
            }
          }
        }
      }
    },
    "TASK": {
      "description": "Tasks",
      "type": "object",
      "properties": {},
      "required": [],
      "additionalProperties": {
        "type": "object",
        "properties": {
          "inputs": {
            "description": "The input data node configs referring to the data node whose data will be passed as a parameter of the function to be executed.",
            "type": "array",
            "items": {
              "type": "string"
            },
            "uniqueItems": true
          },
          "outputs": {
            "description": "The output data node configs referring to the data node whose data will be populated by the result of the function to be executed.",
            "type": "array",
            "items": {
              "type": "string"
            },
            "uniqueItems": true
          },
          "function": {
            "description": "The function of the task.",
            "type": "string",
            "taipy_function": true
          },
          "skippable": {
            "description": "A boolean value as a string: one of [False:bool, True:bool].",
            "type": "string",
            "enum": [
              "False:bool",
              "True:bool"
            ],
            "default": "False:bool"
          }
        }
      }
    },
    "SCENARIO": {
      "description": "Scenarios",
      "type": "object",
      "properties": {},
      "required": [],
      "additionalProperties": {
        "type": "object",
        "properties": {
          "tasks": {
            "description": "The list of task configs.",
            "type": "array",
            "items": {
              "type": "string"
            },
            "uniqueItems": true
          },
          "additional_data_nodes": {
            "description": "The list of additional data node configs.",
            "type": "array",
            "items": {
              "type": "string"
            },
            "uniqueItems": true
          },
          "frequency": {
            "description": "The recurrence of the scenarios instantiated from this configuration. Based on this frequency the scenarios will be attached to the right cycles.",
            "type": "string",
            "enum": [
              "DAILY:FREQUENCY",
              "WEEKLY:FREQUENCY",
              "MONTHLY:FREQUENCY",
              "QUARTERLY:FREQUENCY",
              "YEARLY:FREQUENCY",
              ""
            ]
          },
          "comparators": {
            "description": "The list of functions used to compare scenarios. A comparator function is attached to a scenario's data node configuration. During the scenario comparison, each comparator is applied to all the data nodes instantiated from the data node configuration attached to the comparator.",
            "type": "array",
            "items": {
              "type": "string",
              "taipy_function": true
            }
          },
          "sequences": {
            "description": "The dictionary of sequence descriptions",
            "type": "object",
            "additionalProperties": {
              "type": "array",
              "items": {
                "type": "string",
                "uniqueItems": true
              }
            },
            "uniqueItems": true
          }
        }
      }
    },
    "TAIPY": {
      "description": "Taipy",
      "type": "object",
      "properties": {}
    },
    "JOB": {
      "description": "Job",
      "type": "object",
      "properties": {
        "mode": {
          "type": "string",
          "enum": [
            "standalone",
            "development"
          ],
          "default": "standalone"
        },
        "max_nb_of_workers": {
          "description": "mode: standalone specific. The maximum number of jobs able to run in parallel.",
          "type": [
            "integer",
            "string"
          ]
        }
      }
    }
  }
}
